Staff_ID,Staff_FName,Staff_LName,Staff_password,Dept,Country,Email,Access_ID
130001,John,Sim,john@123,Chairman,Singapore,john.sim@allinone.com.sg,1
130002,Jack,Sim,jack@123,CEO,Singapore,jack.sim@allinone.com.sg,1
140001,Derek,Tan,derek@123,Sales,Singapore,Derek.Tan@allinone.com.sg,3
140002,Susan,Goh,susan@123,Sales,Singapore,Susan.Goh@allinone.com.sg,2
140003,Janice,Chan,janice@123,Sales,Singapore,Janice.Chan@allinone.com.sg,2
140004,Mary,Teo,mary@123,Sales,Singapore,Mary.Teo@allinone.com.sg,2
140008,Jaclyn,Lee,jaclyn@123,Sales,Singapore,Jaclyn.Lee@allinone.com.sg,3
140015,Oliva,Lim,oliva@123,Sales,Singapore,Oliva.Lim@allinone.com.sg,2
140025,Emma,Heng,emma@123,Sales,Singapore,Emma.Heng@allinone.com.sg,2
140036,Charlotte,Wong,charlotte@123,Sales,Singapore,Charlotte.Wong@allinone.com.sg,2
140078,Amelia,Ong,amelia@123,Sales,Singapore,Amelia.Ong@allinone.com.sg,2
140102,Eva,Yong,eva@123,Sales,Singapore,Eva.Yong@allinone.com.sg,2
140103,Sophia,Toh,sophia@123,Sales,Singapore,Sophia.Toh@allinone.com.sg,3
140108,Liam,The,liam@123,Sales,Singapore,Liam.The@allinone.com.sg,2
140115,Noah,Ng,noah@123,Sales,Singapore,Noah.Ng@allinone.com.sg,2
140525,Oliver,Tan,oliver@123,Sales,Singapore,Oliver.Tan@allinone.com.sg,2
140736,William,Fu,william@123,Sales,Singapore,William.Fu@allinone.com.sg,2
140878,James,Tong,james@123,Sales,Singapore,James.Tong@allinone.com.sg,2
140879,Siti,Abdullah,siti@123,Sales,Singapore,Siti.Abdullah@allinone.com.sg,3
140880,Heng,Chan,heng@123,Sales,Singapore,Heng.Chan@allinone.com.sg,2
140881,Rina,Tan,rina@123,Sales,Singapore,Rina.Tan@allinone.com.sg,2
140882,Boun,Souk,boun@123,Sales,Singapore,Boun.Souk@allinone.com.sg,2
140883,Aung,Kyaw,aung@123,Sales,Singapore,Aung.Kyaw@allinone.com.sg,2
140886,Thuy,Nguyen,thuy@123,Sales,Singapore,Thuy.Nguyen@allinone.com.sg,2
140887,Rajesh,Kumar,rajesh@123,Sales,Singapore,Rajesh.Kumar@allinone.com.sg,2
140888,Koh,Lim,koh@123,Sales,Singapore,Koh.Lim@allinone.com.sg,2
140889,Somchai,Somboon,somchai@123,Sales,Singapore,Somchai.Somboon@allinone.com.sg,2
140890,Seng,Lee,seng@123,Sales,Singapore,Seng.Lee@allinone.com.sg,2
140891,Anh,Tran,anh@123,Sales,Singapore,Anh.Tran@allinone.com.sg,2
140892,Ratana,Chen,ratana@123,Sales,Singapore,Ratana.Chen@allinone.com.sg,2
140893,Bui,Nguyen,bui@123,Sales,Singapore,Bui.Nguyen@allinone.com.sg,2
140894,Rahim,Khalid,rahim@123,Sales,Singapore,Rahim.Khalid@allinone.com.sg,3
140895,Dewi,Putri,dewi@123,Sales,Singapore,Dewi.Putri@allinone.com.sg,2
140898,Sokha,Seng,sokha@123,Sales,Singapore,Sokha.Seng@allinone.com.sg,2
140900,Tuan,Nguyen,tuan@123,Sales,Singapore,Tuan.Nguyen@allinone.com.sg,2
140901,Bao,Luu,bao@123,Sales,Singapore,Bao.Luu@allinone.com.sg,2
140903,Amara,Singh,amara@123,Sales,Malaysia,Amara.Singh@allinone.com.my,2
140904,Srey,Mao,srey@123,Sales,Malaysia,Srey.Mao@allinone.com.my,2
140905,Phuc,Le,phuc@123,Sales,Malaysia,Phuc.Le@allinone.com.my,2
140908,Arifin,Saputra,arifin@123,Sales,Malaysia,Arifin.Saputra@allinone.com.my,2
140909,Siti,Salleh,siti@123,Sales,Malaysia,Siti.Salleh@allinone.com.my,2
140910,Rina,Siriporn,rina@123,Sales,Indonesia,Rina.Siriporn@allinone.com.id,2
140911,Minh,Ly,minh@123,Sales,Indonesia,Minh.Ly@allinone.com.id,2
140912,Chandara,Kim,chandara@123,Sales,Indonesia,Chandara.Kim@allinone.com.id,2
140917,Heng,Phan,heng@123,Sales,Indonesia,Heng.Phan@allinone.com.id,2
140918,Nara,Khun,nara@123,Sales,Indonesia,Nara.Khun@allinone.com.id,2
140919,Priya,Malik,priya@123,Sales,Indonesia,Priya.Malik@allinone.com.id,2
140923,Ngoc,Trinh,ngoc@123,Sales,Vietnam,Ngoc.Trinh@allinone.com.vn,2
140924,Manoj,Kumar,manoj@123,Sales,Vietnam,Manoj.Kumar@allinone.com.vn,2
140925,Anh,Pham,anh@123,Sales,Vietnam,Anh.Pham@allinone.com.vn,2
140926,Somsak,Somsri,somsak@123,Sales,Vietnam,Somsak.Somsri@allinone.com.vn,2
140927,Chin,Lim,chin@123,Sales,"Hong Kong",Chin.Lim@allinone.com.hk,2
140928,Sok,Chhay,sok@123,Sales,"Hong Kong",Sok.Chhay@allinone.com.hk,2
140929,Tat,Nguyen,tat@123,Sales,"Hong Kong",Tat.Nguyen@allinone.com.hk,2
140933,Hlaing,Sithu,hlaing@123,Sales,"Hong Kong",Hlaing.Sithu@allinone.com.hk,2
140934,Santhi,Perumal,santhi@123,Sales,"Hong Kong",Santhi.Perumal@allinone.com.hk,2
140935,Hakim,Siregar,hakim@123,Sales,"Hong Kong",Hakim.Siregar@allinone.com.hk,2
140937,Sirirat,Chaiyaporn,sirirat@123,Sales,"Hong Kong",Sirirat.Chaiyaporn@allinone.com.hk,2
140938,Chinh,Tran,chinh@123,Sales,"Hong Kong",Chinh.Tran@allinone.com.hk,2
140940,Siti,Ahmad,siti@123,Sales,Singapore,Siti.Ahmad@allinone.com.sg,2
140941,Chandra,Rai,chandra@123,Sales,Singapore,Chandra.Rai@allinone.com.sg,2
140942,Ratana,Keo,ratana@123,Sales,Singapore,Ratana.Keo@allinone.com.sg,2
140944,Yee,Lim,yee@123,Sales,Singapore,Yee.Lim@allinone.com.sg,3
140945,Wai,Yong,wai@123,Sales,Singapore,Wai.Yong@allinone.com.sg,2
140947,Thi,Pham,thi@123,Sales,Singapore,Thi.Pham@allinone.com.sg,2
140948,Nara,Sok,nara@123,Sales,Singapore,Nara.Sok@allinone.com.sg,2
150008,Eric,Loh,eric@123,Solutioning,Singapore,Eric.Loh@allinone.com.sg,3
150065,Noah,Goh,noah@123,Engineering,Singapore,Noah.Goh@allinone.com.sg,2
150075,Liam,Tan,liam@123,Engineering,Singapore,Liam.Tan@allinone.com.sg,2
150076,Oliver,Chan,oliver@123,Engineering,Singapore,Oliver.Chan@allinone.com.sg,2
150085,Michael,Ng,michael@123,Engineering,Singapore,Michael.Ng@allinone.com.sg,2
150095,Alexander,The,alexander@123,Engineering,Singapore,Alexander.The@allinone.com.sg,2
150096,Ethan,Tan,ethan@123,Engineering,Singapore,Ethan.Tan@allinone.com.sg,2
150115,Jaclyn,Lee,jaclyn@123,Engineering,Singapore,Jaclyn.Lee@allinone.com.sg,2
150118,William,Teo,william@123,Engineering,Singapore,William.Teo@allinone.com.sg,2
150125,Mary,Teo,mary@123,Engineering,Singapore,Mary.Teo@allinone.com.sg,2
150126,Oliva,Lim,oliva@123,Engineering,Singapore,Oliva.Lim@allinone.com.sg,2
150138,Daniel,Fu,daniel@123,Engineering,Singapore,Daniel.Fu@allinone.com.sg,2
150142,James,Lee,james@123,Engineering,Singapore,James.Lee@allinone.com.sg,2
150143,John,Lim,john@123,Engineering,Singapore,John.Lim@allinone.com.sg,3
150148,Jack,Heng,jack@123,Engineering,Singapore,Jack.Heng@allinone.com.sg,2
150155,Derek,Wong,derek@123,Engineering,Singapore,Derek.Wong@allinone.com.sg,2
150162,Jacob,Tong,jacob@123,Engineering,Singapore,Jacob.Tong@allinone.com.sg,2
150163,Logan,Loh,logan@123,Engineering,Singapore,Logan.Loh@allinone.com.sg,2
150165,Oliver,Tan,oliver@123,Engineering,Singapore,Oliver.Tan@allinone.com.sg,2
150166,William,Fu,william@123,Engineering,Singapore,William.Fu@allinone.com.sg,2
150168,Jackson,Tan,jackson@123,Engineering,Singapore,Jackson.Tan@allinone.com.sg,2
150175,Aiden,Tan,aiden@123,Engineering,Singapore,Aiden.Tan@allinone.com.sg,2
150192,Emma,Heng,emma@123,Engineering,Singapore,Emma.Heng@allinone.com.sg,2
150193,Charlotte,Wong,charlotte@123,Engineering,Singapore,Charlotte.Wong@allinone.com.sg,2
150198,Amelia,Ong,amelia@123,Engineering,Singapore,Amelia.Ong@allinone.com.sg,2
150205,Eva,Yong,eva@123,Engineering,Singapore,Eva.Yong@allinone.com.sg,2
150208,James,Tong,james@123,Engineering,Singapore,James.Tong@allinone.com.sg,2
150215,Michael,Lee,michael@123,Engineering,Singapore,Michael.Lee@allinone.com.sg,2
150216,Ethan,Lim,ethan@123,Engineering,Singapore,Ethan.Lim@allinone.com.sg,2
150232,John,Loh,john@123,Engineering,Singapore,John.Loh@allinone.com.sg,2
150233,Jack,Tan,jack@123,Engineering,Singapore,Jack.Tan@allinone.com.sg,2
150238,Derek,Tan,derek@123,Engineering,Singapore,Derek.Tan@allinone.com.sg,2
150245,Benjamin,Tan,benjamin@123,Engineering,Singapore,Benjamin.Tan@allinone.com.sg,3
150258,Daniel,Heng,daniel@123,Engineering,Singapore,Daniel.Heng@allinone.com.sg,2
150265,Jaclyn,Tong,jaclyn@123,Engineering,Singapore,Jaclyn.Tong@allinone.com.sg,2
150275,Mary,Fu,mary@123,Engineering,Singapore,Mary.Fu@allinone.com.sg,2
150276,Oliva,Loh,oliva@123,Engineering,Singapore,Oliva.Loh@allinone.com.sg,2
150282,Jacob,Wong,jacob@123,Engineering,Singapore,Jacob.Wong@allinone.com.sg,2
150283,Logan,Ong,logan@123,Engineering,Singapore,Logan.Ong@allinone.com.sg,2
150288,Jackson,Yong,jackson@123,Engineering,Singapore,Jackson.Yong@allinone.com.sg,2
150295,Aiden,Toh,aiden@123,Engineering,Singapore,Aiden.Toh@allinone.com.sg,2
150318,Emma,Tan,emma@123,Engineering,Singapore,Emma.Tan@allinone.com.sg,2
150342,Charlotte,Tan,charlotte@123,Engineering,Singapore,Charlotte.Tan@allinone.com.sg,2
150343,Amelia,Tan,amelia@123,Engineering,Singapore,Amelia.Tan@allinone.com.sg,2
150345,William,Heng,william@123,Engineering,Singapore,William.Heng@allinone.com.sg,3
150348,Eva,Goh,eva@123,Engineering,Singapore,Eva.Goh@allinone.com.sg,2
150355,Sophia,Chan,sophia@123,Engineering,Singapore,Sophia.Chan@allinone.com.sg,2
150356,James,Wong,james@123,Engineering,Singapore,James.Wong@allinone.com.sg,2
150398,John,Ong,john@123,Engineering,Singapore,John.Ong@allinone.com.sg,2
150422,Jack,Yong,jack@123,Engineering,Singapore,Jack.Yong@allinone.com.sg,2
150423,Derek,Toh,derek@123,Engineering,Singapore,Derek.Toh@allinone.com.sg,2
150428,Benjamin,The,benjamin@123,Engineering,Singapore,Benjamin.The@allinone.com.sg,2
150435,Lucas,Ng,lucas@123,Engineering,Singapore,Lucas.Ng@allinone.com.sg,2
150445,Ethan,Loh,ethan@123,Engineering,Singapore,Ethan.Loh@allinone.com.sg,2
150446,Daniel,Tan,daniel@123,Engineering,Singapore,Daniel.Tan@allinone.com.sg,2
150488,Jacob,Tan,jacob@123,Engineering,Singapore,Jacob.Tan@allinone.com.sg,2
150512,Logan,Tan,logan@123,Engineering,Singapore,Logan.Tan@allinone.com.sg,2
150513,Jackson,Goh,jackson@123,Engineering,Singapore,Jackson.Goh@allinone.com.sg,2
150518,Aiden,Chan,aiden@123,Engineering,Singapore,Aiden.Chan@allinone.com.sg,2
150525,Samuel,Teo,samuel@123,Engineering,Singapore,Samuel.Teo@allinone.com.sg,2
150555,Jaclyn,Wong,jaclyn@123,Engineering,Singapore,Jaclyn.Wong@allinone.com.sg,3
150565,Benjamin,Ong,benjamin@123,Engineering,Singapore,Benjamin.Ong@allinone.com.sg,2
150566,Oliva,Ong,oliva@123,Engineering,Singapore,Oliva.Ong@allinone.com.sg,2
150585,Samuel,Tan,samuel@123,Engineering,Singapore,Samuel.Tan@allinone.com.sg,2
150608,Emma,Yong,emma@123,Engineering,Singapore,Emma.Yong@allinone.com.sg,2
150615,Sophia,Toh,sophia@123,Engineering,Singapore,Sophia.Toh@allinone.com.sg,2
150632,Charlotte,Toh,charlotte@123,Engineering,Singapore,Charlotte.Toh@allinone.com.sg,2
150633,Amelia,The,amelia@123,Engineering,Singapore,Amelia.The@allinone.com.sg,2
150638,Eva,Ng,eva@123,Engineering,Singapore,Eva.Ng@allinone.com.sg,2
150645,Sophia,Tan,sophia@123,Engineering,Singapore,Sophia.Tan@allinone.com.sg,2
150655,Lucas,Goh,lucas@123,Engineering,Singapore,Lucas.Goh@allinone.com.sg,2
150695,William,Tan,william@123,Engineering,Singapore,William.Tan@allinone.com.sg,2
150705,Samuel,The,samuel@123,Engineering,Singapore,Samuel.The@allinone.com.sg,2
150765,Liam,Teo,liam@123,Engineering,Singapore,Liam.Teo@allinone.com.sg,2
150776,Lucas,Yong,lucas@123,Engineering,Singapore,Lucas.Yong@allinone.com.sg,2
150796,Susan,Goh,susan@123,Engineering,Singapore,Susan.Goh@allinone.com.sg,2
150826,Liam,The,liam@123,Engineering,Singapore,Liam.The@allinone.com.sg,2
150845,Henry,Tan,henry@123,Engineering,Singapore,Henry.Tan@allinone.com.sg,2
150866,Henry,Chan,henry@123,Engineering,Singapore,Henry.Chan@allinone.com.sg,3
150916,Susan,Ng,susan@123,Engineering,Singapore,Susan.Ng@allinone.com.sg,2
150918,Henry,Toh,henry@123,Engineering,Singapore,Henry.Toh@allinone.com.sg,2
150935,Susan,Lee,susan@123,Engineering,Singapore,Susan.Lee@allinone.com.sg,2
150938,Janice,Chan,janice@123,Engineering,Singapore,Janice.Chan@allinone.com.sg,2
150968,Noah,Ng,noah@123,Engineering,Singapore,Noah.Ng@allinone.com.sg,2
150976,Noah,Lee,noah@123,Engineering,Singapore,Noah.Lee@allinone.com.sg,2
151008,Alexander,Teo,alexander@123,Engineering,Singapore,Alexander.Teo@allinone.com.sg,2
151055,Liam,Fu,liam@123,Engineering,Singapore,Liam.Fu@allinone.com.sg,2
151056,Alexander,Fu,alexander@123,Engineering,Singapore,Alexander.Fu@allinone.com.sg,2
151058,Janice,Tan,janice@123,Engineering,Singapore,Janice.Tan@allinone.com.sg,2
151118,Oliver,Lim,oliver@123,Engineering,Singapore,Oliver.Lim@allinone.com.sg,2
151146,Janice,Lim,janice@123,Engineering,Singapore,Janice.Lim@allinone.com.sg,2
151198,Michael,Tong,michael@123,Engineering,Singapore,Michael.Tong@allinone.com.sg,2
151266,Noah,Tong,noah@123,Engineering,Singapore,Noah.Tong@allinone.com.sg,2
151288,Mary,Heng,mary@123,Engineering,Singapore,Mary.Heng@allinone.com.sg,2
151407,Oliver,Loh,oliver@123,Engineering,Singapore,Oliver.Loh@allinone.com.sg,2
151408,Philip,Lee,philip@123,Engineering,Singapore,Philip.Lee@allinone.com.sg,3
151410,Phuong,Dinh,phuong@123,Engineering,Singapore,Phuong.Dinh@allinone.com.sg,3
151411,Bao,Nguyen,bao@123,Engineering,Singapore,Bao.Nguyen@allinone.com.sg,2
151412,Wati,Halim,wati@123,Engineering,Singapore,Wati.Halim@allinone.com.sg,2
151413,Seng,Soeun,seng@123,Engineering,Singapore,Seng.Soeun@allinone.com.sg,2
151414,Yun,Lee,yun@123,Engineering,Indonesia,Yun.Lee@allinone.com.id,2
151415,Aung,Tun,aung@123,Engineering,Singapore,Aung.Tun@allinone.com.sg,2
151416,Vannak,Chen,vannak@123,Engineering,Malaysia,Vannak.Chen@allinone.com.my,2
151417,Pich,Sun,pich@123,Engineering,Singapore,Pich.Sun@allinone.com.sg,2
151418,Chandara,Khun,chandara@123,Engineering,Vietnam,Chandara.Khun@allinone.com.vn,2
151419,Heng,Heng,heng@123,Engineering,Singapore,Heng.Heng@allinone.com.sg,2
151420,Siti,Ismail,siti@123,Engineering,Singapore,Siti.Ismail@allinone.com.sg,2
151425,Thuy,Phan,thuy@123,Engineering,"Hong Kong",Thuy.Phan@allinone.com.hk,2
151426,Trung,Trinh,trung@123,Engineering,Singapore,Trung.Trinh@allinone.com.sg,2
151427,Rahul,Sharma,rahul@123,Engineering,Singapore,Rahul.Sharma@allinone.com.sg,2
151428,Champa,Thao,champa@123,Engineering,Singapore,Champa.Thao@allinone.com.sg,2
151430,Rithy,Chheng,rithy@123,Engineering,Singapore,Rithy.Chheng@allinone.com.sg,2
151431,Mani,Raj,mani@123,Engineering,Singapore,Mani.Raj@allinone.com.sg,2
151432,Sokunthea,Phan,sokunthea@123,Engineering,Singapore,Sokunthea.Phan@allinone.com.sg,2
151433,Mani,Devi,mani@123,Engineering,Indonesia,Mani.Devi@allinone.com.id,2
151435,Somnang,Suon,somnang@123,Engineering,Singapore,Somnang.Suon@allinone.com.sg,2
151436,Samsul,Rahman,samsul@123,Engineering,Malaysia,Samsul.Rahman@allinone.com.my,2
151438,Rath,Phan,rath@123,Engineering,Singapore,Rath.Phan@allinone.com.sg,2
151439,Ji,Han,ji@123,Engineering,Vietnam,Ji.Han@allinone.com.vn,3
151440,Sok,Pich,sok@123,Engineering,Singapore,Sok.Pich@allinone.com.sg,2
151441,Minh,Hoang,minh@123,Engineering,Singapore,Minh.Hoang@allinone.com.sg,3
151443,Anil,Kumar,anil@123,Engineering,"Hong Kong",Anil.Kumar@allinone.com.hk,3
151444,Chinh,Le,chinh@123,Engineering,Singapore,Chinh.Le@allinone.com.sg,2
151446,Seng,Seng,seng@123,Engineering,Singapore,Seng.Seng@allinone.com.sg,2
151447,Nanda,Kesavan,nanda@123,Engineering,Singapore,Nanda.Kesavan@allinone.com.sg,2
151448,Amirah,Ahmad,amirah@123,Engineering,Singapore,Amirah.Ahmad@allinone.com.sg,2
151450,Sokly,Sok,sokly@123,Engineering,Singapore,Sokly.Sok@allinone.com.sg,2
151451,Trung,Pham,trung@123,Engineering,Singapore,Trung.Pham@allinone.com.sg,2
151452,Rithya,Suon,rithya@123,Engineering,Indonesia,Rithya.Suon@allinone.com.id,3
151456,Phuc,Vo,phuc@123,Engineering,Singapore,Phuc.Vo@allinone.com.sg,2
151457,Chandra,Pandey,chandra@123,Engineering,Malaysia,Chandra.Pandey@allinone.com.my,3
151458,Manoj,Singh,manoj@123,Engineering,Singapore,Manoj.Singh@allinone.com.sg,2
151459,Phalla,Yong,phalla@123,Engineering,Vietnam,Phalla.Yong@allinone.com.vn,2
151464,Chhaya,Sou,chhaya@123,Engineering,Singapore,Chhaya.Sou@allinone.com.sg,2
151465,Soma,Lim,soma@123,Engineering,Singapore,Soma.Lim@allinone.com.sg,2
151466,Siv,Sun,siv@123,Engineering,"Hong Kong",Siv.Sun@allinone.com.hk,2
151467,Vannak,Mao,vannak@123,Engineering,Singapore,Vannak.Mao@allinone.com.sg,2
151468,Kumara,Seng,kumara@123,Engineering,Singapore,Kumara.Seng@allinone.com.sg,2
151469,Sok,Heng,sok@123,Engineering,Singapore,Sok.Heng@allinone.com.sg,2
151470,Siti,Saad,siti@123,Engineering,Singapore,Siti.Saad@allinone.com.sg,2
151471,Chanh,Ly,chanh@123,Engineering,Singapore,Chanh.Ly@allinone.com.sg,3
151472,Anh,Truong,anh@123,Engineering,Singapore,Anh.Truong@allinone.com.sg,2
151476,Hakim,Rahman,hakim@123,Engineering,Indonesia,Hakim.Rahman@allinone.com.id,2
151477,Priya,Kaur,priya@123,Engineering,Singapore,Priya.Kaur@allinone.com.sg,2
151479,Narong,Chen,narong@123,Engineering,Malaysia,Narong.Chen@allinone.com.my,2
151480,Rin,Sok,rin@123,Engineering,Singapore,Rin.Sok@allinone.com.sg,2
151481,Phuc,Lam,phuc@123,Engineering,Vietnam,Phuc.Lam@allinone.com.vn,2
151482,Sok,Chin,sok@123,Engineering,Singapore,Sok.Chin@allinone.com.sg,2
151483,Chandara,Kong,chandara@123,Engineering,Singapore,Chandara.Kong@allinone.com.sg,2
151484,Phanith,Sok,phanith@123,Engineering,"Hong Kong",Phanith.Sok@allinone.com.hk,2
151485,Heng,Sim,heng@123,Engineering,Singapore,Heng.Sim@allinone.com.sg,2
151487,Nanda,Devan,nanda@123,Engineering,Singapore,Nanda.Devan@allinone.com.sg,2
151488,Pich,Phan,pich@123,Engineering,Singapore,Pich.Phan@allinone.com.sg,2
151489,Anil,Sarawat,anil@123,Engineering,Singapore,Anil.Sarawat@allinone.com.sg,2
151491,Nguyen,Tuan,nguyen@123,Engineering,Singapore,Nguyen.Tuan@allinone.com.sg,2
151492,Bao,Kim,bao@123,Engineering,Singapore,Bao.Kim@allinone.com.sg,2
151493,Boun,Sok,boun@123,Engineering,Indonesia,Boun.Sok@allinone.com.id,2
151494,Soma,Khun,soma@123,Engineering,Singapore,Soma.Khun@allinone.com.sg,2
151495,Samsul,Saifullah,samsul@123,Engineering,Malaysia,Samsul.Saifullah@allinone.com.my,2
151496,Rina,Li,rina@123,Engineering,Singapore,Rina.Li@allinone.com.sg,2
151498,Mani,Prasad,mani@123,Engineering,Vietnam,Mani.Prasad@allinone.com.vn,2
151499,Koh,Seng,koh@123,Engineering,Singapore,Koh.Seng@allinone.com.sg,2
151500,Arifin,Siregar,arifin@123,Engineering,Singapore,Arifin.Siregar@allinone.com.sg,2
151502,Kumari,Devi,kumari@123,Engineering,"Hong Kong",Kumari.Devi@allinone.com.hk,2
151503,Narong,Khun,narong@123,Engineering,Singapore,Narong.Khun@allinone.com.sg,2
151505,Thi,Lam,thi@123,Engineering,Singapore,Thi.Lam@allinone.com.sg,2
151506,Vannak,Sok,vannak@123,Engineering,Singapore,Vannak.Sok@allinone.com.sg,2
151507,Phuong,Nguyen,phuong@123,Engineering,Singapore,Phuong.Nguyen@allinone.com.sg,2
151508,Srey,Makara,srey@123,Engineering,Singapore,Srey.Makara@allinone.com.sg,2
151509,Hlaing,Kyaw,hlaing@123,Engineering,Singapore,Hlaing.Kyaw@allinone.com.sg,2
151510,Anh,Ly,anh@123,Engineering,Indonesia,Anh.Ly@allinone.com.id,2
151512,Chin,Heng,chin@123,Engineering,Singapore,Chin.Heng@allinone.com.sg,2
151513,Nara,Yong,nara@123,Engineering,Malaysia,Nara.Yong@allinone.com.my,2
151514,Somchai,Phan,somchai@123,Engineering,Singapore,Somchai.Phan@allinone.com.sg,2
151515,Rath,Sim,rath@123,Engineering,Vietnam,Rath.Sim@allinone.com.vn,2
151517,Chinh,Tran,chinh@123,Engineering,Singapore,Chinh.Tran@allinone.com.sg,2
151518,Yee,Liu,yee@123,Engineering,Singapore,Yee.Liu@allinone.com.sg,2
151519,Heng,Chhour,heng@123,Engineering,"Hong Kong",Heng.Chhour@allinone.com.hk,2
151520,Sokunthea,Soy,sokunthea@123,Engineering,Singapore,Sokunthea.Soy@allinone.com.sg,2
151521,Champa,Thach,champa@123,Engineering,Singapore,Champa.Thach@allinone.com.sg,2
151523,Rahim,Ramli,rahim@123,Engineering,Singapore,Rahim.Ramli@allinone.com.sg,2
151524,Hakim,Hassan,hakim@123,Engineering,Singapore,Hakim.Hassan@allinone.com.sg,2
151525,Trung,Le,trung@123,Engineering,Singapore,Trung.Le@allinone.com.sg,2
151526,Seng,Chhour,seng@123,Engineering,Singapore,Seng.Chhour@allinone.com.sg,2
151527,Narong,Mao,narong@123,Engineering,Indonesia,Narong.Mao@allinone.com.id,2
151528,Phuc,Phung,phuc@123,Engineering,Singapore,Phuc.Phung@allinone.com.sg,2
151531,Chandara,Sin,chandara@123,Engineering,Malaysia,Chandara.Sin@allinone.com.my,2
151533,Soma,San,soma@123,Engineering,Singapore,Soma.San@allinone.com.sg,2
151534,Siv,Savuth,siv@123,Engineering,Vietnam,Siv.Savuth@allinone.com.vn,2
151535,Vannak,Soun,vannak@123,Engineering,Singapore,Vannak.Soun@allinone.com.sg,2
151536,Kumara,Suon,kumara@123,Engineering,Singapore,Kumara.Suon@allinone.com.sg,2
151537,Sok,Mao,sok@123,Engineering,"Hong Kong",Sok.Mao@allinone.com.hk,2
151539,Siti,Yusof,siti@123,Engineering,Singapore,Siti.Yusof@allinone.com.sg,2
151540,Chanh,Sin,chanh@123,Engineering,Singapore,Chanh.Sin@allinone.com.sg,2
151541,Anh,Tran,anh@123,Engineering,Singapore,Anh.Tran@allinone.com.sg,2
151543,Priya,Krishnan,priya@123,Engineering,Singapore,Priya.Krishnan@allinone.com.sg,2
151544,Nanda,Lal,nanda@123,Engineering,Singapore,Nanda.Lal@allinone.com.sg,2
151545,Rithy,Khun,rithy@123,Engineering,Singapore,Rithy.Khun@allinone.com.sg,2
151546,Mani,Choudhury,mani@123,Engineering,Indonesia,Mani.Choudhury@allinone.com.id,2
151547,Koh,Loo,koh@123,Engineering,Singapore,Koh.Loo@allinone.com.sg,2
151548,Arifin,Bakar,arifin@123,Engineering,Malaysia,Arifin.Bakar@allinone.com.my,2
151549,Kumari,Pillai,kumari@123,Engineering,Singapore,Kumari.Pillai@allinone.com.sg,2
151550,Narong,Chua,narong@123,Engineering,Vietnam,Narong.Chua@allinone.com.vn,2
151556,Thi,Ling,thi@123,Engineering,Singapore,Thi.Ling@allinone.com.sg,2
151558,Vannak,Seng,vannak@123,Engineering,Singapore,Vannak.Seng@allinone.com.sg,2
151559,Nara,Loo,nara@123,Engineering,"Hong Kong",Nara.Loo@allinone.com.hk,2
151560,Somchai,Kong,somchai@123,Engineering,Singapore,Somchai.Kong@allinone.com.sg,2
151561,Rath,Khun,rath@123,Engineering,Singapore,Rath.Khun@allinone.com.sg,2
151562,Chinh,Nguyen,chinh@123,Engineering,Singapore,Chinh.Nguyen@allinone.com.sg,2
151563,Yee,Chong,yee@123,Engineering,Singapore,Yee.Chong@allinone.com.sg,2
151564,Heng,Phal,heng@123,Engineering,Singapore,Heng.Phal@allinone.com.sg,2
151567,Sokunthea,Seng,sokunthea@123,Engineering,Singapore,Sokunthea.Seng@allinone.com.sg,2
151568,Champa,Pheap,champa@123,Engineering,Indonesia,Champa.Pheap@allinone.com.id,2
151570,Rahim,Harun,rahim@123,Engineering,Singapore,Rahim.Harun@allinone.com.sg,2
151571,Hakim,Sulaiman,hakim@123,Engineering,Malaysia,Hakim.Sulaiman@allinone.com.my,2
151573,Trung,Nguyen,trung@123,Engineering,Singapore,Trung.Nguyen@allinone.com.sg,2
151574,Seng,Sao,seng@123,Engineering,Vietnam,Seng.Sao@allinone.com.vn,2
151575,Narong,Savoeun,narong@123,Engineering,Singapore,Narong.Savoeun@allinone.com.sg,2
151576,Phuc,Luong,phuc@123,Engineering,Singapore,Phuc.Luong@allinone.com.sg,2
151578,Chandara,Tith,chandara@123,Engineering,"Hong Kong",Chandara.Tith@allinone.com.hk,2
151579,Soma,Voeun,soma@123,Engineering,Singapore,Soma.Voeun@allinone.com.sg,2
151580,Siv,Sothea,siv@123,Engineering,Singapore,Siv.Sothea@allinone.com.sg,2
151581,Vannak,Samnang,vannak@123,Engineering,Singapore,Vannak.Samnang@allinone.com.sg,2
151582,Kumara,Sareth,kumara@123,Engineering,Singapore,Kumara.Sareth@allinone.com.sg,2
151583,Sok,Kheng,sok@123,Engineering,Singapore,Sok.Kheng@allinone.com.sg,2
151584,Siti,Yusuf,siti@123,Engineering,Singapore,Siti.Yusuf@allinone.com.sg,2
151585,Chanh,Tith,chanh@123,Engineering,Indonesia,Chanh.Tith@allinone.com.id,2
151589,Anh,Van,anh@123,Engineering,Singapore,Anh.Van@allinone.com.sg,2
151590,Priya,Kumar,priya@123,Engineering,Malaysia,Priya.Kumar@allinone.com.my,2
151591,Nanda,Kesavan,nanda@123,Engineering,Singapore,Nanda.Kesavan@allinone.com.sg,2
151593,Rithy,Sok,rithy@123,Engineering,Vietnam,Rithy.Sok@allinone.com.vn,2
151595,Mani,Devi,mani@123,Engineering,Singapore,Mani.Devi@allinone.com.sg,2
151596,Koh,Seng,koh@123,Engineering,Singapore,Koh.Seng@allinone.com.sg,2
151597,Arifin,Saputra,arifin@123,Engineering,"Hong Kong",Arifin.Saputra@allinone.com.hk,2
151598,Kumari,Pillai,kumari@123,Engineering,Singapore,Kumari.Pillai@allinone.com.sg,2
151600,Narong,Chua,narong@123,Engineering,Singapore,Narong.Chua@allinone.com.sg,3
151601,Thi,Ling,thi@123,Engineering,Singapore,Thi.Ling@allinone.com.sg,2
151602,Vannak,Seng,vannak@123,Engineering,Singapore,Vannak.Seng@allinone.com.sg,2
151603,Phuong,Truong,phuong@123,Engineering,Singapore,Phuong.Truong@allinone.com.sg,2
151605,Srey,Suon,srey@123,Engineering,Singapore,Srey.Suon@allinone.com.sg,2
151606,Hlaing,Myat,hlaing@123,Engineering,Indonesia,Hlaing.Myat@allinone.com.id,2
151607,Anh,Vo,anh@123,Engineering,Singapore,Anh.Vo@allinone.com.sg,2
151608,Chin,Chen,chin@123,Engineering,Malaysia,Chin.Chen@allinone.com.my,2
151609,Nara,Loo,nara@123,Engineering,Singapore,Nara.Loo@allinone.com.sg,2
151610,Somchai,Kong,somchai@123,Engineering,Vietnam,Somchai.Kong@allinone.com.vn,2
151611,Rath,Khun,rath@123,Engineering,Singapore,Rath.Khun@allinone.com.sg,2
151612,Chinh,Nguyen,chinh@123,Engineering,Singapore,Chinh.Nguyen@allinone.com.sg,2
151613,Yee,Chong,yee@123,Engineering,"Hong Kong",Yee.Chong@allinone.com.hk,2
160008,Sally,Loh,sally@123,HR,Singapore,Sally.Loh@allinone.com.sg,4
160065,John,Tan,john@123,HR,Singapore,John.Tan@allinone.com.sg,2
160075,James,Tan,james@123,HR,Singapore,James.Tan@allinone.com.sg,3
160076,Jack,Goh,jack@123,HR,Singapore,Jack.Goh@allinone.com.sg,4
160118,Derek,Chan,derek@123,HR,Singapore,Derek.Chan@allinone.com.sg,4
160135,Jaclyn,Ong,jaclyn@123,HR,Singapore,Jaclyn.Ong@allinone.com.sg,4
160142,Benjamin,Teo,benjamin@123,HR,Singapore,Benjamin.Teo@allinone.com.sg,4
160143,Lucas,Lee,lucas@123,HR,Singapore,Lucas.Lee@allinone.com.sg,4
160145,Mary,Wong,mary@123,HR,Singapore,Mary.Wong@allinone.com.sg,2
160146,Oliva,Yong,oliva@123,HR,Singapore,Oliva.Yong@allinone.com.sg,2
160148,Henry,Lim,henry@123,HR,Singapore,Henry.Lim@allinone.com.sg,2
160155,Alexander,Heng,alexander@123,HR,Singapore,Alexander.Heng@allinone.com.sg,2
160188,Emma,Toh,emma@123,HR,Singapore,Emma.Toh@allinone.com.sg,2
160212,Charlotte,The,charlotte@123,HR,Singapore,Charlotte.The@allinone.com.sg,2
160213,Amelia,Ng,amelia@123,HR,Singapore,Amelia.Ng@allinone.com.sg,2
160218,Eva,Tan,eva@123,HR,Singapore,Eva.Tan@allinone.com.sg,2
160225,Sophia,Fu,sophia@123,HR,Singapore,Sophia.Fu@allinone.com.sg,4
160258,Michael,Tong,michael@123,HR,Singapore,Michael.Tong@allinone.com.sg,4
160282,Ethan,Loh,ethan@123,HR,Singapore,Ethan.Loh@allinone.com.sg,4
160283,Somchai,Kong,somchai@123,HR,Singapore,Somchai.Kong@allinone.com.sg,4
160284,Rath,Khun,rath@123,HR,Singapore,Rath.Khun@allinone.com.sg,4
160286,Chinh,Nguyen,chinh@123,HR,Singapore,Chinh.Nguyen@allinone.com.sg,4
160287,Yee,Chong,yee@123,HR,Singapore,Yee.Chong@allinone.com.sg,2
160288,Heng,Phal,heng@123,HR,Singapore,Heng.Phal@allinone.com.sg,2
160289,Sokunthea,Seng,sokunthea@123,HR,Singapore,Sokunthea.Seng@allinone.com.sg,2
160290,Champa,Pheap,champa@123,HR,Singapore,Champa.Pheap@allinone.com.sg,2
160291,Rahim,Harun,rahim@123,HR,Singapore,Rahim.Harun@allinone.com.sg,2
160293,Hakim,Sulaiman,hakim@123,HR,Singapore,Hakim.Sulaiman@allinone.com.sg,2
160294,Trung,Nguyen,trung@123,HR,Singapore,Trung.Nguyen@allinone.com.sg,2
160295,Seng,Sao,seng@123,HR,Singapore,Seng.Sao@allinone.com.sg,2
160296,Narong,Savoeun,narong@123,HR,Singapore,Narong.Savoeun@allinone.com.sg,4
160297,Phuc,Luong,phuc@123,HR,Singapore,Phuc.Luong@allinone.com.sg,2
160298,Chandara,Tith,chandara@123,HR,Singapore,Chandara.Tith@allinone.com.sg,2
160299,Soma,Voeun,soma@123,HR,Singapore,Soma.Voeun@allinone.com.sg,2
160300,Siv,Sothea,siv@123,HR,Singapore,Siv.Sothea@allinone.com.sg,2
160301,Vannak,Samnang,vannak@123,HR,Singapore,Vannak.Samnang@allinone.com.sg,2
160302,Kumara,Sareth,kumara@123,HR,Singapore,Kumara.Sareth@allinone.com.sg,3
160303,Sok,Kheng,sok@123,HR,Singapore,Sok.Kheng@allinone.com.sg,2
160304,Siti,Yusuf,siti@123,HR,Singapore,Siti.Yusuf@allinone.com.sg,2
160305,Chanh,Tith,chanh@123,HR,Singapore,Chanh.Tith@allinone.com.sg,2
160306,Anh,Van,anh@123,HR,Singapore,Anh.Van@allinone.com.sg,3
160307,Priya,Kumar,priya@123,HR,Singapore,Priya.Kumar@allinone.com.sg,2
160308,Nanda,Kesavan,nanda@123,HR,Singapore,Nanda.Kesavan@allinone.com.sg,2
160313,Rithy,Sok,rithy@123,HR,Singapore,Rithy.Sok@allinone.com.sg,4
160314,Mani,Devi,mani@123,HR,Singapore,Mani.Devi@allinone.com.sg,4
160315,Koh,Seng,koh@123,HR,Singapore,Koh.Seng@allinone.com.sg,4
160316,Arifin,Saputra,arifin@123,HR,Singapore,Arifin.Saputra@allinone.com.sg,4
160317,Kumari,Pillai,kumari@123,HR,Singapore,Kumari.Pillai@allinone.com.sg,2
160318,Narong,Chua,narong@123,HR,Singapore,Narong.Chua@allinone.com.sg,3
160323,Thi,Ling,thi@123,HR,Singapore,Thi.Ling@allinone.com.sg,2
160324,Vannak,Seng,vannak@123,HR,Singapore,Vannak.Seng@allinone.com.sg,2
160325,Phuong,Truong,phuong@123,HR,Singapore,Phuong.Truong@allinone.com.sg,2
160326,Srey,Suon,srey@123,HR,Singapore,Srey.Suon@allinone.com.sg,2
160328,Hlaing,Myat,hlaing@123,HR,Singapore,Hlaing.Myat@allinone.com.sg,3
160329,Anh,Vo,anh@123,HR,Singapore,Anh.Vo@allinone.com.sg,4
160330,Chin,Chen,chin@123,HR,Singapore,Chin.Chen@allinone.com.sg,4
160331,Nara,Loo,nara@123,HR,Singapore,Nara.Loo@allinone.com.sg,4
160332,Somchai,Kong,somchai@123,HR,Singapore,Somchai.Kong@allinone.com.sg,4
160333,Rath,Khun,rath@123,HR,Singapore,Rath.Khun@allinone.com.sg,4
160334,Chinh,Nguyen,chinh@123,HR,Singapore,Chinh.Nguyen@allinone.com.sg,2
160335,Yee,Chong,yee@123,HR,Singapore,Yee.Chong@allinone.com.sg,3
160336,Heng,Phal,heng@123,HR,Singapore,Heng.Phal@allinone.com.sg,2
160337,Sokunthea,Seng,sokunthea@123,HR,Singapore,Sokunthea.Seng@allinone.com.sg,2
160338,Champa,Pheap,champa@123,HR,Singapore,Champa.Pheap@allinone.com.sg,2
160339,Rahim,Harun,rahim@123,HR,Singapore,Rahim.Harun@allinone.com.sg,2
170166,David,Yap,david@123,Finance,Singapore,David.Yap@allinone.com.sg,3
170208,Daniel,Tan,daniel@123,Finance,Singapore,Daniel.Tan@allinone.com.sg,2
170215,Mary,Wong,mary@123,Finance,Singapore,Mary.Wong@allinone.com.sg,2
170216,Jaclyn,Ong,jaclyn@123,Finance,Singapore,Jaclyn.Ong@allinone.com.sg,2
170232,Jacob,Tan,jacob@123,Finance,Singapore,Jacob.Tan@allinone.com.sg,2
170233,Logan,Goh,logan@123,Finance,Singapore,Logan.Goh@allinone.com.sg,2
170238,Jackson,Chan,jackson@123,Finance,Singapore,Jackson.Chan@allinone.com.sg,2
170245,Aiden,Teo,aiden@123,Finance,Singapore,Aiden.Teo@allinone.com.sg,2
170655,Samuel,Lee,samuel@123,Finance,Singapore,Samuel.Lee@allinone.com.sg,2
170866,Susan,Lim,susan@123,Finance,Singapore,Susan.Lim@allinone.com.sg,2
171008,Janice,Heng,janice@123,Finance,Singapore,Janice.Heng@allinone.com.sg,2
171009,Nanda,Kesavan,nanda@123,Finance,Singapore,Nanda.Kesavan@allinone.com.sg,3
171010,Rithy,Sok,rithy@123,Finance,Singapore,Rithy.Sok@allinone.com.sg,2
171011,Mani,Devi,mani@123,Finance,Singapore,Mani.Devi@allinone.com.sg,2
171012,Koh,Seng,koh@123,Finance,Singapore,Koh.Seng@allinone.com.sg,2
171013,Arifin,Saputra,arifin@123,Finance,Singapore,Arifin.Saputra@allinone.com.sg,2
171014,Kumari,Pillai,kumari@123,Finance,Singapore,Kumari.Pillai@allinone.com.sg,3
171015,Narong,Chua,narong@123,Finance,Singapore,Narong.Chua@allinone.com.sg,2
171016,Thi,Ling,thi@123,Finance,Singapore,Thi.Ling@allinone.com.sg,2
171017,Vannak,Seng,vannak@123,Finance,Singapore,Vannak.Seng@allinone.com.sg,2
171018,Phuong,Truong,phuong@123,Finance,Singapore,Phuong.Truong@allinone.com.sg,3
171022,Srey,Suon,srey@123,Finance,Singapore,Srey.Suon@allinone.com.sg,2
171023,Hlaing,Myat,hlaing@123,Finance,Singapore,Hlaing.Myat@allinone.com.sg,2
171024,Anh,Vo,anh@123,Finance,Singapore,Anh.Vo@allinone.com.sg,2
171026,Chin,Chen,chin@123,Finance,Singapore,Chin.Chen@allinone.com.sg,2
171027,Nara,Loo,nara@123,Finance,Singapore,Nara.Loo@allinone.com.sg,2
171029,Somchai,Kong,somchai@123,Finance,Singapore,Somchai.Kong@allinone.com.sg,3
171030,Rath,Khun,rath@123,Finance,Singapore,Rath.Khun@allinone.com.sg,2
171031,Chinh,Nguyen,chinh@123,Finance,Singapore,Chinh.Nguyen@allinone.com.sg,2
171032,Yee,Chong,yee@123,Finance,Singapore,Yee.Chong@allinone.com.sg,2
171033,Heng,Phal,heng@123,Finance,Singapore,Heng.Phal@allinone.com.sg,2
171034,Sokunthea,Seng,sokunthea@123,Finance,Singapore,Sokunthea.Seng@allinone.com.sg,2
171035,Champa,Pheap,champa@123,Finance,Singapore,Champa.Pheap@allinone.com.sg,2
171036,Rahim,Harun,rahim@123,Finance,Singapore,Rahim.Harun@allinone.com.sg,2
171038,Hakim,Sulaiman,hakim@123,Finance,Singapore,Hakim.Sulaiman@allinone.com.sg,2
171039,Trung,Nguyen,trung@123,Finance,Singapore,Trung.Nguyen@allinone.com.sg,2
171041,Seng,Sao,seng@123,Finance,Singapore,Seng.Sao@allinone.com.sg,2
171042,Narong,Savoeun,narong@123,Finance,Singapore,Narong.Savoeun@allinone.com.sg,2
171043,Phuc,Luong,phuc@123,Finance,Singapore,Phuc.Luong@allinone.com.sg,3
171044,Chandara,Tith,chandara@123,Finance,Singapore,Chandara.Tith@allinone.com.sg,2
171045,Soma,Voeun,soma@123,Finance,Singapore,Soma.Voeun@allinone.com.sg,2
171046,Siv,Sothea,siv@123,Finance,Singapore,Siv.Sothea@allinone.com.sg,2
171047,Vannak,Samnang,vannak@123,Finance,Singapore,Vannak.Samnang@allinone.com.sg,2
171048,Kumara,Sareth,kumara@123,Finance,Singapore,Kumara.Sareth@allinone.com.sg,2
180001,Ernst,Sim,ernst@123,Consultancy,Singapore,Ernst.Sim@allinone.com.sg,3
180002,Rithy,Chheng,rithy@123,Consultancy,Singapore,Rithy.Chheng@allinone.com.sg,2
180003,Mani,Raj,mani@123,Consultancy,Singapore,Mani.Raj@allinone.com.sg,2
180004,Sokunthea,Phan,sokunthea@123,Consultancy,Singapore,Sokunthea.Phan@allinone.com.sg,2
180005,Mani,Devi,mani@123,Consultancy,Singapore,Mani.Devi@allinone.com.sg,2
180006,Somnang,Suon,somnang@123,Consultancy,Singapore,Somnang.Suon@allinone.com.sg,2
180010,Samsul,Rahman,samsul@123,Consultancy,Singapore,Samsul.Rahman@allinone.com.sg,2
180011,Rath,Phan,rath@123,Consultancy,Singapore,Rath.Phan@allinone.com.sg,2
180012,Ji,Han,ji@123,Consultancy,Singapore,Ji.Han@allinone.com.sg,3
180013,Sok,Pich,sok@123,Consultancy,Singapore,Sok.Pich@allinone.com.sg,2
180014,Minh,Hoang,minh@123,Consultancy,Singapore,Minh.Hoang@allinone.com.sg,2
180015,Anil,Kumar,anil@123,Consultancy,Singapore,Anil.Kumar@allinone.com.sg,2
180019,Chinh,Le,chinh@123,Consultancy,Singapore,Chinh.Le@allinone.com.sg,2
180020,Seng,Seng,seng@123,Consultancy,Singapore,Seng.Seng@allinone.com.sg,2
180021,Nanda,Kesavan,nanda@123,Consultancy,Singapore,Nanda.Kesavan@allinone.com.sg,2
180022,Amirah,Ahmad,amirah@123,Consultancy,Singapore,Amirah.Ahmad@allinone.com.sg,2
180023,Sokly,Sok,sokly@123,Consultancy,Singapore,Sokly.Sok@allinone.com.sg,2
180025,Trung,Pham,trung@123,Consultancy,Singapore,Trung.Pham@allinone.com.sg,2
180026,Rithya,Suon,rithya@123,Consultancy,Singapore,Rithya.Suon@allinone.com.sg,2
180027,Phuc,Vo,phuc@123,Consultancy,Singapore,Phuc.Vo@allinone.com.sg,2
180029,Chandra,Pandey,chandra@123,Consultancy,Singapore,Chandra.Pandey@allinone.com.sg,3
180030,Manoj,Singh,manoj@123,Consultancy,Singapore,Manoj.Singh@allinone.com.sg,2
180032,Phalla,Yong,phalla@123,Consultancy,Singapore,Phalla.Yong@allinone.com.sg,2
180033,Chhaya,Sou,chhaya@123,Consultancy,Singapore,Chhaya.Sou@allinone.com.sg,2
180034,Soma,Lim,soma@123,Consultancy,Singapore,Soma.Lim@allinone.com.sg,2
180036,Siv,Sun,siv@123,Consultancy,Singapore,Siv.Sun@allinone.com.sg,2
180037,Vannak,Mao,vannak@123,Consultancy,Singapore,Vannak.Mao@allinone.com.sg,2
180038,Kumara,Seng,kumara@123,Consultancy,Singapore,Kumara.Seng@allinone.com.sg,2
190003,Sok,Heng,sok@123,Solutioning,Singapore,Sok.Heng@allinone.com.sg,2
190004,Siti,Saad,siti@123,Solutioning,Singapore,Siti.Saad@allinone.com.sg,2
190005,Chanh,Ly,chanh@123,Solutioning,Singapore,Chanh.Ly@allinone.com.sg,2
190006,Anh,Truong,anh@123,Solutioning,Singapore,Anh.Truong@allinone.com.sg,2
190008,Hakim,Rahman,hakim@123,Solutioning,Singapore,Hakim.Rahman@allinone.com.sg,2
190009,Priya,Kaur,priya@123,Solutioning,Singapore,Priya.Kaur@allinone.com.sg,2
190010,Narong,Chen,narong@123,Solutioning,Singapore,Narong.Chen@allinone.com.sg,2
190014,Rin,Sok,rin@123,Solutioning,Singapore,Rin.Sok@allinone.com.sg,2
190015,Phuc,Lam,phuc@123,Solutioning,Singapore,Phuc.Lam@allinone.com.sg,2
190016,Sok,Chin,sok@123,Solutioning,Singapore,Sok.Chin@allinone.com.sg,2
190017,Chandara,Kong,chandara@123,Solutioning,Singapore,Chandara.Kong@allinone.com.sg,2
190018,Phanith,Sok,phanith@123,Solutioning,Singapore,Phanith.Sok@allinone.com.sg,2
190019,Heng,Sim,heng@123,Solutioning,Singapore,Heng.Sim@allinone.com.sg,3
190021,Nanda,Devan,nanda@123,Solutioning,Singapore,Nanda.Devan@allinone.com.sg,2
190022,Pich,Phan,pich@123,Solutioning,Singapore,Pich.Phan@allinone.com.sg,2
190024,Anil,Sarawat,anil@123,Solutioning,Singapore,Anil.Sarawat@allinone.com.sg,2
190025,Nguyen,Tuan,nguyen@123,Solutioning,Singapore,Nguyen.Tuan@allinone.com.sg,2
190026,Bao,Kim,bao@123,Solutioning,Singapore,Bao.Kim@allinone.com.sg,2
190027,Boun,Sok,boun@123,Solutioning,Singapore,Boun.Sok@allinone.com.sg,2
190028,Soma,Khun,soma@123,Solutioning,Singapore,Soma.Khun@allinone.com.sg,2
190029,Samsul,Saifullah,samsul@123,Solutioning,Singapore,Samsul.Saifullah@allinone.com.sg,2
190030,Rina,Li,rina@123,Solutioning,Singapore,Rina.Li@allinone.com.sg,2
190031,Mani,Prasad,mani@123,Solutioning,Singapore,Mani.Prasad@allinone.com.sg,2
190032,Koh,Seng,koh@123,Solutioning,Singapore,Koh.Seng@allinone.com.sg,2
190033,Arifin,Siregar,arifin@123,Solutioning,Singapore,Arifin.Siregar@allinone.com.sg,2
190035,Kumari,Devi,kumari@123,Solutioning,Singapore,Kumari.Devi@allinone.com.sg,2
190036,Narong,Khun,narong@123,Solutioning,Singapore,Narong.Khun@allinone.com.sg,2
190037,Siti,Abdullah,siti@123,Solutioning,Singapore,Siti.Abdullah@allinone.com.sg,3
190038,Heng,Chan,heng@123,Solutioning,Singapore,Heng.Chan@allinone.com.sg,2
190040,Rina,Tan,rina@123,Solutioning,Singapore,Rina.Tan@allinone.com.sg,2
190041,Boun,Souk,boun@123,Solutioning,Singapore,Boun.Souk@allinone.com.sg,2
190042,Aung,Kyaw,aung@123,Solutioning,Singapore,Aung.Kyaw@allinone.com.sg,2
190043,Thuy,Nguyen,thuy@123,Solutioning,Singapore,Thuy.Nguyen@allinone.com.sg,2
190044,Rajesh,Kumar,rajesh@123,Solutioning,Singapore,Rajesh.Kumar@allinone.com.sg,2
190045,Koh,Lim,koh@123,Solutioning,Singapore,Koh.Lim@allinone.com.sg,2
190046,Somchai,Somboon,somchai@123,Solutioning,Singapore,Somchai.Somboon@allinone.com.sg,2
190047,Seng,Lee,seng@123,Solutioning,Singapore,Seng.Lee@allinone.com.sg,2
190048,Anh,Tran,anh@123,Solutioning,Singapore,Anh.Tran@allinone.com.sg,2
190049,Ratana,Chen,ratana@123,Solutioning,Singapore,Ratana.Chen@allinone.com.sg,2
190050,Bui,Nguyen,bui@123,Solutioning,Singapore,Bui.Nguyen@allinone.com.sg,2
190051,Rahim,Khalid,rahim@123,Solutioning,Singapore,Rahim.Khalid@allinone.com.sg,2
190052,Dewi,Putri,dewi@123,Solutioning,Singapore,Dewi.Putri@allinone.com.sg,2
190054,Sokha,Seng,sokha@123,Solutioning,Singapore,Sokha.Seng@allinone.com.sg,2
190055,Tuan,Nguyen,tuan@123,Solutioning,Singapore,Tuan.Nguyen@allinone.com.sg,2
190056,Bao,Luu,bao@123,Solutioning,Singapore,Bao.Luu@allinone.com.sg,2
190057,Amara,Singh,amara@123,Solutioning,Singapore,Amara.Singh@allinone.com.sg,2
190058,Srey,Mao,srey@123,Solutioning,Singapore,Srey.Mao@allinone.com.sg,2
190059,Phuc,Le,phuc@123,Solutioning,Singapore,Phuc.Le@allinone.com.sg,3
190064,Arifin,Saputra,arifin@123,Solutioning,Singapore,Arifin.Saputra@allinone.com.sg,2
190065,Siti,Salleh,siti@123,Solutioning,Malaysia,Siti.Salleh@allinone.com.my,2
190066,Rina,Siriporn,rina@123,Solutioning,Malaysia,Rina.Siriporn@allinone.com.my,2
190067,Minh,Ly,minh@123,Solutioning,Malaysia,Minh.Ly@allinone.com.my,3
190068,Chandara,Kim,chandara@123,Solutioning,Malaysia,Chandara.Kim@allinone.com.my,2
190069,Heng,Phan,heng@123,Solutioning,Indonesia,Heng.Phan@allinone.com.id,2
190070,Nara,Khun,nara@123,Solutioning,Indonesia,Nara.Khun@allinone.com.id,3
190074,Priya,Malik,priya@123,Solutioning,Indonesia,Priya.Malik@allinone.com.id,2
190075,Ngoc,Trinh,ngoc@123,Solutioning,Indonesia,Ngoc.Trinh@allinone.com.id,2
190076,Manoj,Kumar,manoj@123,Solutioning,Indonesia,Manoj.Kumar@allinone.com.id,2
190077,Anh,Pham,anh@123,Solutioning,Vietnam,Anh.Pham@allinone.com.vn,3
190078,Somsak,Somsri,somsak@123,Solutioning,Vietnam,Somsak.Somsri@allinone.com.vn,2
190079,Chin,Lim,chin@123,Solutioning,Vietnam,Chin.Lim@allinone.com.vn,2
190080,Sok,Chhay,sok@123,Solutioning,"Hong Kong",Sok.Chhay@allinone.com.hk,2
190082,Tat,Nguyen,tat@123,Solutioning,"Hong Kong",Tat.Nguyen@allinone.com.hk,2
190086,Hlaing,Sithu,hlaing@123,Solutioning,"Hong Kong",Hlaing.Sithu@allinone.com.hk,3
190087,Santhi,Perumal,santhi@123,Solutioning,"Hong Kong",Santhi.Perumal@allinone.com.hk,2
190088,Hakim,Siregar,hakim@123,Solutioning,"Hong Kong",Hakim.Siregar@allinone.com.hk,2
190089,Sirirat,Chaiyaporn,sirirat@123,Solutioning,"Hong Kong",Sirirat.Chaiyaporn@allinone.com.hk,2
190091,Chinh,Tran,chinh@123,Solutioning,Singapore,Chinh.Tran@allinone.com.sg,2
190092,Siti,Ahmad,siti@123,Solutioning,Singapore,Siti.Ahmad@allinone.com.sg,2
190093,Chandra,Rai,chandra@123,Solutioning,Singapore,Chandra.Rai@allinone.com.sg,3
190094,Ratana,Keo,ratana@123,Solutioning,Singapore,Ratana.Keo@allinone.com.sg,2
190095,Yee,Lim,yee@123,Solutioning,Singapore,Yee.Lim@allinone.com.sg,2
190096,Wai,Yong,wai@123,Solutioning,Singapore,Wai.Yong@allinone.com.sg,2
190097,Thi,Pham,thi@123,Solutioning,Singapore,Thi.Pham@allinone.com.sg,2
190098,Nara,Sok,nara@123,Solutioning,Singapore,Nara.Sok@allinone.com.sg,2
210001,Peter,Yap,peter@123,IT,Singapore,Peter.yap@allinone.com.sg,3
210017,Rithy,Sok,rithy@123,IT,Singapore,Rithy.Sok@allinone.com.sg,2
210018,Mani,Devi,mani@123,IT,Singapore,Mani.Devi@allinone.com.sg,3
210019,Koh,Seng,koh@123,IT,Singapore,Koh.Seng@allinone.com.sg,2
210020,Arifin,Saputra,arifin@123,IT,Singapore,Arifin.Saputra@allinone.com.sg,2
210021,Kumari,Pillai,kumari@123,IT,Singapore,Kumari.Pillai@allinone.com.sg,2
210022,Narong,Chua,narong@123,IT,Singapore,Narong.Chua@allinone.com.sg,2
210023,Thi,Ling,thi@123,IT,Singapore,Thi.Ling@allinone.com.sg,2
210024,Vannak,Seng,vannak@123,IT,Singapore,Vannak.Seng@allinone.com.sg,2
210025,Phuong,Truong,phuong@123,IT,Singapore,Phuong.Truong@allinone.com.sg,2
210026,Srey,Suon,srey@123,IT,Singapore,Srey.Suon@allinone.com.sg,2
210027,Hlaing,Myat,hlaing@123,IT,Singapore,Hlaing.Myat@allinone.com.sg,2
210028,Anh,Vo,anh@123,IT,Singapore,Anh.Vo@allinone.com.sg,3
210029,Chin,Chen,chin@123,IT,Singapore,Chin.Chen@allinone.com.sg,2
210030,Nara,Loo,nara@123,IT,Singapore,Nara.Loo@allinone.com.sg,2
210031,Somchai,Kong,somchai@123,IT,Singapore,Somchai.Kong@allinone.com.sg,2
210032,Rath,Khun,rath@123,IT,Singapore,Rath.Khun@allinone.com.sg,2
210033,Chinh,Nguyen,chinh@123,IT,Singapore,Chinh.Nguyen@allinone.com.sg,2
210034,Yee,Chong,yee@123,IT,Singapore,Yee.Chong@allinone.com.sg,2
210035,Heng,Phal,heng@123,IT,Singapore,Heng.Phal@allinone.com.sg,2
210036,Sokunthea,Seng,sokunthea@123,IT,Singapore,Sokunthea.Seng@allinone.com.sg,2
210037,Champa,Pheap,champa@123,IT,Singapore,Champa.Pheap@allinone.com.sg,2
210038,Rahim,Harun,rahim@123,IT,Singapore,Rahim.Harun@allinone.com.sg,2
210039,Hakim,Sulaiman,hakim@123,IT,Singapore,Hakim.Sulaiman@allinone.com.sg,2
210040,Trung,Nguyen,trung@123,IT,Singapore,Trung.Nguyen@allinone.com.sg,2
210041,Seng,Sao,seng@123,IT,Singapore,Seng.Sao@allinone.com.sg,2
210042,Narong,Savoeun,narong@123,IT,Singapore,Narong.Savoeun@allinone.com.sg,2
210043,Phuc,Luong,phuc@123,IT,Singapore,Phuc.Luong@allinone.com.sg,2
210044,Chandara,Tith,chandara@123,IT,Singapore,Casandara.Tith@allinone.com.sg,2
